id,grupo_tcc,titulo,autor,orientador,pesquisador,ano_defesa,curso_fonte
81,Insikiran,RECURSO DIDÁTICO DE BAIXO CUSTO EM AULAS EXPERIMENTAIS DE QUÍMICA NA ESCOLA ESTADUAL INDÍGENA TUXAUA PEDRO TERÊNCIO,CRISHIAN DE OLIVEIRA TAULIPANG,Dr. Ricardo Carvalho dos Santos.,Jelynne Ewellyn Felipe Pinto,2022,Insikiran – Ciências da Natureza
62,Insikiran,"ARTESANATO INDIGENA NA ESCOLA JOSÉ ALAMANO, COMUNIDADE MATURUCA",Francilene da Silva,Celino Alexandre Raposo,Karimy Manuelle da Silva Balbino,2019,Insikiran – Comunicação e Artes
63,Insikiran,LENDAS E MITOS INDÍGENAS DA COMUNIDADE JABUTI,IRACEMA SANTOS MATOS,Prof. Fábio Almeida de Carvalho,Karimy Manuelle da Silva Balbino,2020,Insikiran – Comunicação e Artes
64,Insikiran,MAKUUXI YAMÎ’ PANTONI NA COMUNIDADE MANOÁ/ RORAIMA,DORINHA LAURENTINO,Profa Dra Ananda Machado,Karimy Manuelle da Silva Balbino,2021,Insikiran – Comunicação e Artes
65,Insikiran,POR UMA EDUCAÇÃO INCLUSIVA: UMA EXPERIÊNCIA NA ESCOLA ESTADUAL INDÍGENA JOSÉ ALAMANO,GRACIELA ANDRÉ SOUZA,Professora Mestre Isabel Maria Fonseca,Karimy Manuelle da Silva Balbino,2020,Insikiran – Comunicação e Artes
66,Insikiran,A ELABORAÇÃO COLETIVA DO PROJETO POLÍTICO PEDAGÓGICO DA ESCOLA ESTADUAL INDÍGENA ANTÔNIO SAYMÃ.,WALTER MELQUIOR DE LIMA,Prof Dr. Jonildo Viana dos Santos.,Elcio Leocádio da Silva Júnior,2021,Insikiran – Ciências Sociais
67,Insikiran,A IMPORTÂNCIA DO USO DAS PLANTAS MEDICINAIS,Luana Miguel Da Silva,Prof. Dr. Maxim Repetto,Elcio Leocádio da Silva Júnior,2022,Insikiran – Ciências Sociais
68,Insikiran,ESTUDO E ENSINO DE HISTÓRIA NA COMUNIDADE INDÍGENA SÃO MIGUEL DA CACHOEIRA - PANTON,JUVELINDA MONTEIRO DA SILVA,Prof Dr. Maxim Repetto.,Elcio Leocádio da Silva Júnior,2022,Insikiran – Ciências Sociais
69,Insikiran,"Novas Propostas Para A Educação Escolar Indígena: Fazer Caxiri Com Os Alunos Do 1o Ao 3o Ano Do Ensino Médio Da Comunidade Indígena Maturuca, Uiramutã - RR",JULIETA ESTEVÃO DA SILVA CORRÊA,Prof. Dr. Maxim Repetto,Elcio Leocádio da Silva Júnior,2022,Insikiran – Ciências Sociais
70,Insikiran,"EDUCAÇÃO PATRIMONIAL, CULTURA MATERIAL E ARTESANATO NO JATAPUZINHO",ROSE AFONSO MAFORE WAI WAI,Profa Dra. Fabíola Christian Almeida de Carvalho,Elcio Leocádio da Silva Júnior,2022,Insikiran – Ciências Sociais
71,Insikiran,PROPOSTA PEDAGÓGICA COLHER MILHO NA ROÇA: atividade social indígena como proposta de intervenção pedagógica no ensino/aprendizagem dos desafios da Escola Estadual Indígena Jose Antônio de Souza,VALTERLIS SOUZA DE SOUZA,Prof. Dr. Maxim Repetto Carrreno,Elcio Leocádio da Silva Júnior,2022,Insikiran – Ciências Sociais
72,Insikiran,EDUCAÇÃO PATRIMONIAL NA COMUNIDADE BARRO / SURUMU – TERRA INDÍGENA RAPOSA SERRA DO SOL,LUCIANO PERES BONIFÁCIO FILHO,Prof. Dr. Jonildo Viana dos Santos.,Elcio Leocádio da Silva Júnior,2022,Insikiran – Ciências Sociais
73,Insikiran,A MATEMÁTICA NOS ARTESANATOS DA COMUNIDADE MARUPÁ,EVILENE DA SILVA,Prof. Dr. Michael Lopes da Silva Rolim,Jelynne Ewellyn Felipe Pinto,2023,Insikiran – Ciências da Natureza
74,Insikiran,ALIMENTAÇÃO TRADICIONAL INDÍGENA NA COMUNIDADE ANTA II COMO FORMA DE VALORIZAÇÃO DA CULTURA E IDENTIDADE,MARIZA DE ALBUQUERQUE MIRANDA,Prof.ª Msc. Mariana Souza da Cunha,Jelynne Ewellyn Felipe Pinto,2023,Insikiran – Ciências da Natureza
75,Insikiran,"ARTESANATO E ETNOMÁTICA NA ESCOLA DO ANAUÁ, TERRA INDÍGENA WAI WAI - RORAIMA",XARATEW WAI WAI,Prof.a Dr.a Fabíola C. Almeida de Carvalho,Jelynne Ewellyn Felipe Pinto,2023,Insikiran – Ciências da Natureza
76,Insikiran,"CATALOGAÇÃO DOS PEIXES NA COMUNIDADE MANALAI EM RORAIMA,VALORIZANDO A CULTURA DO POVO INGARICÓ",CARLOS OLIVEIRA NICÁCIO,Mariana Cunha,Jelynne Ewellyn Felipe Pinto,2023,Insikiran – Ciências da Natureza
77,Insikiran,FIGURAS GEOMÉTRICAS NO ENSINO DA MATEMÁTICA PARA A 1a SÉRIE DO ENSINO MÉDIO DA ESCOLA ESTADUAL INDÍGENA BERNARDO SAYÃO DA COMUNIDADE MARACANÃ I,POLIANA DE SOUZA ESBELL,Prof. Me. Mariana Souza da Cunha,Jelynne Ewellyn Felipe Pinto,2023,Insikiran – Ciências da Natureza
78,Insikiran,"HISTÓRIAS EM QUADRINHOS COMO RECURSO PARA ENSINO DE MATEMÁTICA NO CONTEXTO INDÍGENA NA ESCOLA ESTADUAL INDÍGENA TOBIAS BARRETO, COMUNIDADE MANGUEIRA, AMAJARI-RR",TATIANNY GOMES LUCENA,Prof. Dr. Ricardo Carvalho dos Santos,Jelynne Ewellyn Felipe Pinto,2023,Insikiran – Ciências da Natureza
79,Insikiran,NUTRIÇÃO ESCOLAR: O PAPEL DO ENSINO DA BIOLOGIA NA CONSCIENTIZAÇÃO ALIMENTAR DOS ALUNOS NA ESCOLA ESTADUAL INDÍGENA EURICO MANDULÃO EM RORAIMA,RAIANY PEIXOTO PEREIRA NASCIMENTO,Prof.a Me. Mariana Souza da Cunha.,Jelynne Ewellyn Felipe Pinto,2023,Insikiran – Ciências da Natureza
80,Insikiran,O ENSINO DA BIOLOGIA ATRAVÉS DA NATUREZA: IDENTIFICANDO A FLORA DO AMBIENTE ESCOLAR E RESIDENCIAL DA COMUNIDADE INDÍGENA CANAVIAL EM RORAIMA,FRANCI NATU GARCIA AMBRÓSIO,Prof.a Mariana Souza da Cunha,Jelynne Ewellyn Felipe Pinto,2023,Insikiran – Ciências da Natureza
104,Insikiran,"HORTA ESCOLAR NO ENSINO DE CIÊNCIAS E EDUCAÇÃO ALIMENTAR NA ESCOLA ESTADUAL INDÍGENA JOSÉ ALAMANO, COMUNIDADE INDÍGENA MATURUCA, UIRAMUTÃ-RR",NONATO FRANK CRUZ DA SILVA,Ricardo Carvalho dos Santos,Bianca de Jesus Ramos,2022,Insikiran – Ciências da Natureza
103,Insikiran,"DADOS POPULACIONAIS DA COMUNIDADE INDÍGENA ÁGUA FRIA, UIRAMUTÃ-RR, NA CONSTRUÇÃO E INTERPRETAÇÃO DE TABELAS E GRÁFICOS",SAMILY DINORÁ PEREIRA DA SILVA,Ricardo Carvalho dos Santos,Bianca de Jesus Ramos,2022,Insikiran – Ciências da Natureza
102,Insikiran,APLICAÇÃO DA MODELAGEM MATEMÁTICA NA CONSTRUÇÃO DE UMA HORTA ESCOLAR NA ESCOLA ESTADUAL INDÍGENA NOVA MONTE MORIÁ II,LUIZA ANTÔNIA SILVA DE SOUZA,Edlamar Menezes da Costa,Bianca de Jesus Ramos,2022,Insikiran – Ciências da Natureza
101,Insikiran,"ALIMENTAÇÃO, SAÚDE E EDUCAÇÃO NA COMUNIDADEINDÍGENAMURIRU – TERRA INDÍGENA MURIRU EMRORAIMA.",KELLY LEOCÁDIO GOMES,Fabíola Christian Almeida de Carvalho,Bianca de Jesus Ramos,2022,Insikiran – Ciências da Natureza
61,Insikiran,RELATO DE EXPERIÊNCIA NA ESCOLA ESTADUAL INDÍGENA TUXAUA EVARISTO:SOLETRANDO NA ESCOLA,FRANCISCA DAS CHAGAS OLIVEIRA RAPOSO,Danielle Trindade,Jelynne Ewellyn Felipe Pinto,2024,Insikiran – Comunicação e Artes
100,Insikiran,ALGORITMOS ALTERNATIVOS PARA AS OPERAÇÕES ARITMÉTICAS FUNDAMENTAIS,MILTON MARCO DE SOUZA,Prof. Dr. Michael Lopes da Silva Rolim,Bianca de Jesus Ramos,2022,Insikiran – Ciências da Natureza
60,Insikiran,PRÁTICAS DE LEITURAS PARA FORMAÇÃO DE LEITORES INDÍGENAS:EXPERIÊNCIAS PEDAGÓGICAS NA ESCOLA ESTADUAL INDÍGENA VOVÔ EMILIANO WAPICHANA,PÉDIRA DA SILVA SANTIAGO,Profa. Dra. Aurea Lúcia Melo Oliveira Corrêa.,Jelynne Ewellyn Felipe Pinto,2023,Insikiran – Comunicação e Artes
58,Insikiran,Material didático como instrumento pedagógico para o ensino da leitura e da escrita da língua Wapichana,Hernesto Manoel Nides Dionísio,Prof. Msc. Celino Alexandre Raposo,Jelynne Ewellyn Felipe Pinto,2024,Insikiran – Comunicação e Artes
118,Insikiran,O uso de um aplicativo usando as 4 operações matemática com alunos da Escola Estadual Indígena Manelino Germano Salvador,Jaime da Silva Veras,Prof.ª Drº. Michael Lopes da Silva Rolim,Laíne Pereira Fernandes,2025,Insikiran – Ciências da Natureza
117,Insikiran,A LUDICIDADE NO ENSINO DA MATEMÁTICANOENSINOFUNDAMEMTAL I,OTONIEL NASCIMENTO DE OLIVEIRA,Michael Rolim,Laíne Pereira Fernandes,2025,Insikiran – Ciências da Natureza
116,Insikiran,"SABERES TRADICIONAIS NO USO DAS PLANTAS MEDICINAISPELACOMUNIDADE SERRA DO SOL, UIRAMUTÃ – RORAIMA",GLÊNIO BARBOSA ANDRADE,Professora Doutora Ise de Goreth Silva,Laíne Pereira Fernandes,2025,Insikiran – Ciências da Natureza
59,Insikiran,O JOGOS DE FUTEBOL COMO RECURSO PEDAGÓGICO PARA O ENSINO DE LÍNGUA MAKUXI NA COMUNIDADE INDÍGENA ROÇA,IRINEU PAULO LOPES,Celino Alexandre Raposo,Jelynne Ewellyn Felipe,2024,Insikiran – Comunicação e Artes
107,Insikiran,USO E DIVERSIDADE DE PIMENTAS ARDOSAS NACOMUNIDADE ALTO ARRAIA: TRAÇANDO NOVOS CAMINHOS INTERCULTURAIS,ROBINEIDE DA SILVA SANTIAGO,Profª. Mariana Cunha,Bianca de Jesus Ramos,2022,Insikiran – Ciências da Natureza
106,Insikiran,PLANTAS NATIVAS COMO MEDICINA TRADICIONAL INDÍGENA DA COMUNIDADE OLHO D’ÁGUA,MARIO SILVA DE OLIVEIRA,Jovina Mafra dos Santos.,Bianca de Jesus Ramos,2022,Insikiran – Ciências da Natureza
105,Insikiran,"JOGO LÚDICO NO ENSINO DE QUÍMICA NA ESCOLA ESTADUAL INDÍGENA VOVÔ LEONARDO GOMES, COMUNIDADE INDÍGENA ALTO ARRAIA, BONFIM RR",DIANA KRISTIANI CARLOS CASTELLO,Ricardo Carvalho dos Santos,Bianca de Jesus Ramos,2022,Insikiran – Ciências da Natureza
115,Insikiran,O USO DE MAPAS CONCEITUAIS NA APRENDIZAGEM SIGNIFICATIVA SOBREAS INFECÇÕES SEXUALMENTE TRANSMISSÍVEIS POR EDUCANDOS DO8ºANO DE UMA ESCOLA INDÍGENA EM ALTO ALEGRE– RR,EULLIR DA SILVA BENTO,Profa. M.ª MarianaSouzadaCunha,Laíne Pereira Fernandes,2025,Insikiran – Ciências da Natureza
51,Insikiran,"CANTOS PARIXARA: CONTRIBUIÇÕES PARA O LETRAMENTO DE ALUNOS INDÍGENAS DO 6o ANO NA ESCOLA ESTADUAL INDÍGENA VOVÔ LEONARDO GOMES NA COMUNIDADE ALTO ARRAIA, MUNICÍPIO DE BONFIM – RR.",EDILENE TOMAZ DE SOUZA,Profa. Dra. Zoraide dos Anjos Gonçalves da Silva Vieira.,Jelynne Ewellyn Felipe Pinto,2023,Insikiran – Comunicação e Artes
50,Insikiran,A FORMAÇÃO DE LEITORES NA ESCOLA ESTADUAL INDÍGENA MARECHAL DEODORO DA FONSECA,FRANCIENE ANDRADE DA SILVA,Profª Ma. Danielle Trindade,Fabricio Batista da Silva,2022,Insikiran – Comunicação e Artes
57,Insikiran,KYWAI DUKUZYYNAU KUADNIIKID HISTÓRIAS CONTADAS PELOS NOSSOS AVÓS,VICAR EDUARDO DA SILVA,Profa Dra Ananda Machado.,Jelynne Ewellyn Felipe Pinto,2024,Insikiran – Comunicação e Artes
56,Insikiran,Jogos Pedagógicos no ensino de língua Wapichana na Malacacheta,Sueli Pereira da Silva,Prof. Msc. Celino Alexandre Raposo,Jelynne Ewellyn Felipe Pinto,2024,Insikiran – Comunicação e Artes
88,Insikiran,REZA PARA CRIANÇA NO INÍCIO DO INVERNO / COMUNIDADE SÃO PEDRO,Iranildo Gomes de Almeida,Prof. Dr. Maxim Repetto,Elcio Leocádio da Silva Júnior,2022,Insikiran – Ciências Sociais
54,Insikiran,ESTRATÉGIAS DE LEITURA E ESCRITA DOS ALUNOS DO 50 ANO DO ENSINO FUNDAMENTAL I DA ESCOLA ESTADUAL INDÍGENA WAI WAI NA COMUNIDADE INDÍGENA JATAPUZINHO.CAROEBE- RR,JONIAS SOUZA DA SILVA,Dra. Zoraide dos Anjos Gonçalves Silva Vieira.,Jelynne Ewellyn Felipe Pinto,2024,Insikiran – Comunicação e Artes
53,Insikiran,A IMPORTANCIA DO PRODUÇÃO DE TEXTO SOBRE AS HISTÓRIAS TRADICIONAIS DO POVO WAI WAI NA PARA LECIONAR OS ALUNOS NA ESCOLA.,TOMAS WAI WAI OLIVEIRA,Prof.Dr. Fábio Almeida  de Carvalho,Fabricio Batista da Silva,2022,Insikiran – Comunicação e Artes
52,Insikiran,"ELABORAÇÃO DE MATERIAL DIDÁTICO: HISTÓRIAS, MITOS E LENDAS DO POVO INGARICÓ",CÉLIA MIGUEL ALENCAR,Prof. Me. Celino Alexandre Raposo,Jelynne Ewellyn Felipe Pinto,2024,Insikiran – Comunicação e Artes
55,Insikiran,JOGOS LÚDICOS E BRINCADEIRAS NO ENSINO-APRENDIZAGEM DE ALUNOS DOS ANOS INICIAIS DA EDUCAÇÃO BÁSICA: UM RELATO DE EXPERIÊNCIA NA COMUNIDADE INDÍGENA BARRO,SANTINA MAGALHÃES PERES,Professora Ma. Naira Gomes Lamarão,Jelynne Ewellyn Felipe Pinto,2024,Insikiran – Comunicação e Artes
119,Matemática,CONTRIBUIÇÕES DA TEORIA HISTÓRICO-CULTURAL DA ATIVIDADE NA APRENDIZAGEM DA MATEMÁTICA: UM ESTUDO BIBLIOGRÁFICO UTILIZANDO TRABALHOS DE CONCLUSÃO DE CURSO APRESENTADOS NA UFRR,RAQUEL DA SILVA LAURINDO,Prof. Dr.  Héctor José García Mendoza.,Fabricio Batista da Silva,2026,Matemática
121,Matemática,DIAGNÓSTICO DA APRENDIZAGEM EM EXPRESSÕES ALGÉBRICAS FUNDAMENTADA NA TEORIA DA ATIVIDADE EM ESTUDANTES DO 7° ANO NO COLÉGIO DE APLICAÇÃO DA UNIVERSIDADE FEDERAL DE RORAIMA,VITÓRIA AGUIAR DOS SANTOS,Prof. Dr. Héctor José García  Mendoza,Fabricio Batista da Silva,2023,Matemática
122,Matemática,ATIVIDADE DE SITUAÇÕES PROBLEMA DISCENTE NA APRENDIZAGEM DE PROPORCIONALIDADE PARA ESTUDANTES DO 7º ANO DO ENSINO FUNDAMENTA,FRANCINALDO DE CARVALHO NASCIMENTO,Prof. Dr. Héctor José García Mendoza.,Fabricio Batista da Silva,2022,Matemática
123,Matemática,O PENSAMENTO ALGÉBRICO POR MEIO DA ATIVIDADE DE SITUAÇÕES PROBLEMA DISCENTE NA RESOLUÇÃO DE EQUAÇÕES PARA ESTUDANTES DO 7º ANO DE ENSINO FUNDAMENTAL,NAYARA VITÓRIA SOUSA COSTA,Prof. Dr. Héctor José García Mendoza.,Fabricio Batista da Silva,2022,Matemática
124,Matemática,"ATIVIDADE DE SITUAÇÕES PROBLEMA DISCENTE NA APRENDIZAGEM DE FRAÇÕES FUNDAMENTADA EM GALPERIN, TALÍZINA E MAJMUTOV PARA ESTUDANTES DO 6° ANO DO ENSINO FUNDAMENTAL",CRISLENE COSTA DE OLIVEIRA,Prof. Dr. Héctor José García Mendoza.,Fabricio Batista da Silva,2021,Matemática
125,Matemática,"ATIVIDADE DE SITUAÇÕES PROBLEMA DISCENTE NA APRENDIZAGEM NO CONCEITO DE MEDIR FUNDAMENTADO NO SISTEMA DIDÁTICO GALPERIN, TALÍZINA E MAJMUTOV NO 6º ANO DO ENSINO FUNDAMENTAL",VÂNIA DOS SANTOS DOURADO,Prof. Dr. Héctor José García Mendoza,Fabricio Batista da Silva,2021,Matemática
126,Matemática,DIAGNÓSTICO DO NÍVEL DE APRENDIZAGEM POR MEIO DA ATIVIDADE DE SITUAÇÕES PROBLEMA DOCENTE NO CONTEÚDO DE ADIÇÃO E SUBTRAÇÃO NOS ESTUDANTES DO 3º ANO DO ENSINO FUNDAMENTAL DO COLÉGIO DE APLICAÇÃO/UFRR,HUDSON CARDOSO DE ARAÚJO,Prof. Dr. Héctor José García Mendoza.,Fabricio Batista da Silva,2019,Matemática
120,Matemática,A ATIVIDADE SITUAÇÕES PROBLEMA DISCENTE EM EXPRESSÕES ALGÉBRICAS EM ESTUDANTES DO 7° ANO NO COLÉGIO DE APLICAÇÃO DA UNIVERSIDADE FEDERAL DE RORAIMA,SUZELI TAVARES DE MOURA,Prof. Dr. Héctor José  García Mendoza,Fabricio Batista da Silva,2024,Matemática
128,Matemática,A Atividade de Situações Problema em aprendizagem na resolução de Operações com os Números Inteiros fundamentado em Galperin nos estudantes de 7° ano de Ensino Fundamental na Escola Estadual Professor Voltaire Pinto Ribeiro.,AMANDA CAROLINE GOMES DA SILVA,Prof. Dr. Héctor José  García Mendoza,Fabricio Batista da Silva,2018,Matemática
127,Matemática,UM INSTRUMENTO QUANTITATIVO DA ATIVIDADE DE SITUAÇÕES PROBLEMA EM MATEMÁTICA,ÍTALO NATAN OLIVEIRA DE ARAÚJO,Prof. Dr. Héctor José García  Mendoza,Fabricio Batista da Silva,2018,Matemática
86,Música,PRÁTICAS DE ENSINO DE MÚSICA: EXPERIÊNCIA DE FORMAÇÃO DOCENTE NO PROGRAMA RESIDÊNCIA PEDAGÓGICA COM ALUNOS DO 6o ANO DO ENSINO FUNDAMENTAL,TAWAN WALLACE PADILHA DA SILVA,Dr. José Rodrigo Santos Velho,Jelynne Ewellyn Felipe Pinto,2025,Música
109,Música,MÚSICA INDÍGENA PARA FLAUTA DOCE: POSSIBILIDADES DIDÁTICAS COM MUSICALIDADES DE QUATRO ESTILOS RORAIMENSES,ELIEL BERGUE VALENTE,Prof. Dr. Rafael Branquinho Abdala Norberto,Karimy Manuelle da Silva Balbino,2022,Música
87,Música,"MÚSICA E MOVIMENTO: ""O PASSO"" COMO POSSIBILIDADE INTERDISCIPLINAR ENTRE MÚSICA E EDUCAÇÃO FÍSICA",PRISCILLA DE ARAÚJO COSTA DE SOUSA,Prof.a Dra Jéssica de Almeida,Jelynne Ewellyn Felipe Pinto,2021,Música
82,Música,ESCOLAS DE SAMBA EM BOA VISTA (RR): UM ESTUDO A PARTIR DAS MEMÓRIAS DE PRATICANTES DE DUAS ESCOLAS,MAGNÁCIA SOARES SABÓIA,Prof. Dr. Rafael Branquinho Abdala Norberto.,Jelynne Ewellyn Felipe Pinto,2025,Música
83,Música,CONTRABAIXO ELÉTRICO: UM ESTUDO DAS LEVADAS EM QUATRO GÊNEROS MUSICAIS DA REGIÃO NORTE,ALEXANDRE ALVES SILVA,Prof. M.e Jefferson Tiago de Souza Mendes da Silva,Jelynne Ewellyn Felipe Pinto,2020,Música
84,Música,FESTIVAL FOLCLÓRICO DE CARACARAÍ,JOELSON VAZ DA SILVA,Prof. Dr. Gustavo Frosi Benetti,Jelynne Ewellyn Felipe Pinto,2019,Música
85,Música,PRÁTICAS INFORMAIS DE APRENDIZAGEM MUSICAL NA FORMAÇÃO DISCENTE DO CURSO DE LICENCIATURA EM MÚSICA DA UFRR,NATHÁLIA GABRIELLE LAGO DA SILVA,Profa. Dra. Jéssica de Almeida.,Jelynne Ewelllyn Felipe Pinto,2021,Música
99,Música,CONSIDERAÇÕES SOBRE A MÚSICA RITUAL NO TERREIRO DE UMBANDA OGUM MATINATA EM BOA VISTA – RR,RODRIGO VIEIRA DE OLIVEIRA,Prof. Dr. Rafael Branquinho Abdala Norberto,Bianca de Jesus Ramos,2025,Música
98,Música,A IMPORTÂNCIA DA REGÊNCIA NAS AULAS DE MÚSICA NA EDUCAÇÃO BÁSICA,RADVAN CARVALHO DE OLIVEIRA,Prof. Dr. Luciano Camargo,Bianca de Jesus Ramos,2019,Música
108,Música,A COLABORAÇÃO PIANÍSTICA NO CORO DA IGREJA BATISTA REGULAR DE BOA VISTA: COMPETÊNCIAS EXERCIDAS NO DIA A DIA,LUIZ ANDRADE DE SOUZA FILHO,Prof. Me. Rafael Friesen,Karimy Manuelle da Silva Balbino,2019,Música
96,Música,ENSINO COLETIVO DE VIOLÃO NA ORQUESTRA DE VIOLÕES DO INSTITUTO BOA VISTA DE MÚSICA (IBVM): UM ESTUDO DE CASO,ADERVAL DA ROCHA FERREIRA NETO,Prof. Dr. Rafael Branquinho Abdala Norberto.,Bianca de Jesus Ramos,2025,Música
95,Música,MÚSICAS REGIONALISTAS DO FESTIVAL CANTO FORTE: ATIVIDADES PARA O ENSINO DE MÚSICA NA EDUCAÇÃO BÁSICA,ANDRESSA SOUSA DO NASCIMENTO,Orientador: Prof. Dr. Jefferson Tiago de Souza Mendes da Silva,Bianca de Jesus Ramos,2021,Música
94,Música,Práticas de canto no Curso de Licenciatura em Música da UFRR: impactos na atuação do licenciado,Victória Emanuelle Neves de Luna,Jéssica de Almeida,BIANCA DE JESUS RAMOS,2019,Música
93,Música,A PRODUÇÃO CIENTÍFICA DE EDUCAÇÃO MUSICAL SOB O ENFOQUE DAS POLÍTICAS PÚBLICAS DE INCLUSÃO,MARIA DA GLÓRIA DE SOUZA LIMA,Prof. Dra. Jessica de Almeida,Jelynne Ewellyn Felipe Pinto,2019,Música
92,Música,O EMPRÉSTIMO MODAL RECORRENTE NO POP ROCK DOS ANOS 1980,CELSO HENRIQUE VIEIRA DE LIMA,Prof. M.a. Jéssica de Almeida,Jelynne Ewellyn Felipe PInto,2017,Música
91,Música,"""IMPORTA SIM QUE PENSEMOS JUNTOS SOBRE EDUCAÇÃO MUSICAL”: REFLEXÕES SOBRE AULAS DE MÚSICA NA EDUCAÇÃO INFANTIL",ANA PAULA SILVA OLIVEIRA ACQUATI DE LIMA,Prof. Dra. Jéssica de Almeida,Jelynne Ewellyn Felipe Pinto,2019,Música
97,Música,FESTIVAL FOLCLÓRICO DE CARACARAÍ: A PERCUSSÃO NOS GRUPOS COBRA MARIANA E GAVIÃO CARACARÁ,ALEXANDER ANTONY DE OLIVEIRA,Jefferson Tiago de Souza Mendes da Silva,Bianca de Jesus Ramos,2021,Música
90,Música,ENSINO E APRENDIZAGEM DE MÚSICA ATRAVÉS DE PRÁTICAS DE CANTO CORAL NA IGREJA BATISTA REGULAR DE BOA VISTA (RR): UM ESTUDO ETNOGRÁFICO,MISSARA FRANÇA ISRAEL,Prof. Dr. Rafael Branquinho Abdala Norberto.,Jelynne Ewellyn Felipe Pinto,2024,Música
89,Música,AULAS DE PIANO EM GRUPO NO MÉTODO SUZUKI: UMA ANÁLISE NO ESTÚDIO SUZUKI DE EDUCAÇÃO MUSICAL EM BOA VISTA,VIVIAN FRANCO DINIZ,Prof. M.E. Rafael Ricardo Friesen,Jelynne Ewellyn Felipe Pinto,2019,Música
41,Pedagogia,FORMAÇÃO DE PROFESSORES NA RESOLUÇÃO CNE/CP No 02/2019 DO MEC,MARIA JOSÉ SOUZA MONTEIRO,Prof. Dr. João Paulino da Silva Neto,Karimy Manuelle da Silva Balbino.,2022,Pedagogia
40,Pedagogia,UMA REFLEXÃO SOBRE O TRABALHO DAS CUIDADORAS POR MEIO DO OLHAR DA CUIDADORA-PEDAGOGA NA CASA MÃE,JÉSSICA PEREIRA DA SILVA,Prof. Dr. João Paulino da Silva Neto,Karimy Manuelle da Silva Balbino,2022,Pedagogia
39,Pedagogia,O ESTÁGIO CURRICULAR NA GESTÃO E COORDENAÇÃO PEDAGÓGICA NO CONTEXTO DA PANDEMIA DE COVID-19: REFLEXÕES SOBRE POSSIBILIDADES E DIFICULDADES,Darcilene de Souza Aquino,Edlauva Oliveira dos Santos,JELYNNE EWELLYN FELIPE PINTO,2021,Pedagogia
37,Pedagogia,EDUCAÇÃO ESCOLAR INDÍGENA: DISCUSSÃO E RELATO DE VIVÊNCIA,Sarah Pereira da Silva,Maria Socorro Alves de Souza,JELYNNE EWELLYN FELIPE PINTO,2023,Pedagogia
42,Pedagogia,PEDAGOGO NO JUDICIÁRIO: RELATO DE EXPERIÊNCIA DE ESTÁGIO DE UM PEDAGOGO NA ESCOLA DO PODER JUDICIÁRIO DE RORAIMA,Kawanny Oliveira de Lucena,"Maria Edith Romano Siems Professora do Centro de Educação da Universidade Federal de Roraima e Pedagoga pela Faculdade de Filosofia Ciências e Letras de Sorocaba, com mestrado em Educação pela Universidade Federal de Juiz de Fora, com doutorado em Educação Especial (Educação do Indivíduo Especial) pela Universidade Federal de São Carlos e pós-doutorado em Educação pelo Instituto de Educação da Universidade de Lisboa.",Jelynne Ewellyn Felipe Pinto,2022,Pedagogia
36,Pedagogia,ATRIBUIÇÕES DO COORDENADOR PEDAGÓGICO NAS ESCOLAS MUNICIPAIS DE BOA VISTA-RR: UMA ANÁLISE A PARTIR DO MANUAL DA ESCOLA DO IAB,Bruna Carolina Silva Magalhães,Prof.a Dr.a Edlauva Oliveira dos Santos,Karimy Manuelle da Silva Balbino.,2019,Pedagogia
35,Pedagogia,PROGRAMA RESIDÊNCIA PEDAGÓGICA: RELATO DE UMA EXPERIÊNCIA NOS ANOS INICIAIS DO ENSINO FUNDAMENTAL NO CONTEXTO DA PANDEMIA DE COVID-19.,Amanda Macêna da Silva.,Edlauva Oliveira dos Santos.,JELYNNE EWELLYN FELIPE PINTO,2021,Pedagogia
38,Pedagogia,COORDENAÇÃO PEDAGÓGICA: DESAFIOS E SUPERAÇÃO NO ENSINO REMOTO EM TEMPOS DE PANDEMIA DA COVID-19,MARINALVA PACHECO DA SILVA,Prof.o Dr. João Paulino da Silva Neto.,Karimy Manuelle da Silva Balbino.,2022,Pedagogia
43,Pedagogia,A CONFIGURAÇÃO DOCENTE: SER PROFESSORA E LIDERANÇA EM UMA COMUNIDADE INDÍGENA DE AMAJARI - RORAIMA,ALEXANDRINA PEREIRA DA SILVA,Prof. Dra. Gilvete de Lima Gabriel,Jelynne Ewellyn Felipe Pinto,2023,Pedagogia
113,Pedagogia,PERFIL DOS ESTAGIÁRIOS DO CURSO DE PEDAGOGIA DA UFRR QUE ACOMPANHAM ALUNOS COM AUTISMO EM SALAS REGULARES,RAFAEL PAIVA RIBEIRO DOS SANTOS,Prof.ª Dra. Cinara Franco Rechico Barberena,Laíne Pereira Fernandes,2019,Pedagogia
45,Pedagogia,UMA EXPERIÊNCIA DE CONTAÇÃO DE HISTÓRIAS NO ESTÁGIO CURRICULAR SUPERVISIONADO COM FOCO NA DIVERSIDADE,Edileía de Sousa Silva,Edlauva Oliveira dos Santos,Fabricio Batista da Silva,Não se aplica,Pedagogia
46,Pedagogia,JOGOS E BRINCADEIRAS NO PROCESSO DE APRENDIZAGEM NA PRÉESCOLA,Fabiana Valente de Mesquita,Prof. Dr. Sebastião Monteiro Oliveira,Fabricio Batista da Silva,Não informado,Pedagogia
114,Pedagogia,O ENSINO DA EDUCAÇÃO ESPECIAL NOS CURSOS DE LICENCIATURA DA UNIVERSIDADE FEDERAL DE RORAIMA,JAQUELINE VILAÇA VIDEIRA,Prof.ª Dr.ª Maria Edith Romano Siems-Marcondes,Laíne Pereira Fernandes,2019,Pedagogia
112,Pedagogia,PEDAGOGIA HOSPITALAR: CLASSE HOSPITALAR NAS UNIDADES PÚBLICAS DE SAÚDE DE ALTA COMPLEXIDADE EM UM MUNICÍPIO DA REGIÃO NORTE DO BRASIL,MICHELE DOS SANTOS CAVALCANTE,Prof.ª Dr.ª Maria Edith Romano Siems Marcondes,Laíne Pereira Fernandes,2019,Pedagogia
111,Pedagogia,EDUCAÇÃO DE JOVENS E ADULTOS NO BRASIL: PANORAMA SOBRE FUNCIONAMENTO E ORGANIZAÇÃO NO TRIÊNIO DE 2016-2018 E SUGESTÕES AO APRIMORAMENTO DO PROGRAMA,Leciane Borges Silva,Profº Msc. Dr. Sebastião Oliveira Monteiro,Laíne Pereira Fernandes,2019,Pedagogia
110,Pedagogia,"O TRABALHO DO PEDAGOGO HOSPITALAR: UMA EXPERIÊNCIA NO HOSPITAL DA CRIANÇA SANTO ANTONIO, EM BOA VISTA-RR",KEILA TEIXEIRA DE SOUZA,Prof. Dr. Pedro Augusto Hercks Menin,Laíne Pereira Fernandes,2019,Pedagogia
47,Pedagogia,O ESTÁGIO CURRICULAR COMO MOMENTO DE APRENDIZAGEM SOBRE A ATUAÇÃO DO PEDAGOGO EM CONTEXTO DE DIVERSIDADE,Ilzamar da Silva Magalhães,Profª Dr. Edlauva Oliveira dos Santos,Fabricio Batista da Silva,Não informado,Pedagogia
48,Pedagogia,"A CRIANÇA E O BRINCAR: CONTEXTOS, DESENVOLVIMENTO E APRENDIZAGEM",Jessica Cinaira F. da Silva,Não informado,Fabricio Batista da Silva,Não informado,Pedagogia
49,Pedagogia,O PERFIL DA COORDENAÇÃO PEDAGÓGICA E SUA ATUAÇÃO NO CONTEXTO ATUAL NA REDE MUNICIPAL ENSINO DE BOA VISTA,Kátia Valéria Fonseca de Souza,Não informado,Fabricio Batista da Silva,Não informado,Pedagogia
44,Pedagogia,RELATO DE EXPERIÊNCIA DE ALFABETIZAÇÃO E ENSINO DE MATEMÁTICA NO PROGRAMA RESIDÊNCIA PEDAGÓGICA,Rosélia Maria de Sousa Alexandre,Pedro Augusto Hercks Menin,Jelynne Ewellyn Felipe Pinto,2022,Pedagogia
34,Pedagogia,REFLEXÕES SOBRE AS EXPERIÊNCIAS NO ESTÁGIO CURRICULAR DO CURSO DE PEDAGOGIA NAS MODALIDADES PRESENCIAL E ON-LINE,Alcimara Eliane de Souza Silva,Edlauva Oliveira dos Santos,Karimy Manuelle da Silva Balbino,2022,Pedagogia
